{
  "best_val": 11.235,
  "best_params": {
    "Q_INIT": 50,
    "EPS_START": 0.8564433735672271,
    "EPS_DECAY": 0.55233807160974,
    "GAMMA": 0.9062551076377132,
    "ALPHA": 0.527195162509491,
    "SHAPE_W": 148.04340080075454
  }
}